{
  "name": "eobi-tracker-frontend",
  "version": "1.0.0",
  "private": true,
  "dependencies": {
    "axios": "^1.6.2",
    "react": "^18.2.0",
    "react-dom": "^18.2.0",
    "react-router-dom": "^6.18.0",
    "autoprefixer": "^10.4.16",
    "postcss": "^8.4.31",
    "tailwindcss": "^3.3.5"
  },
  "scripts": {
    "start": "react-scripts start",
    "build": "react-scripts build",
    "test": "react-scripts test",
    "eject": "react-scripts eject"
  },
  "eslintConfig": {
    "extends": [
      "react-app",
      "react-app/jest"
    ]
  },
  "browserslist": {
    "production": [
      ">0.2%",
      "not dead",
      "not op_mini all"
    ],
    "development": [
      "last 1 chrome version",
      "last 1 firefox version",
      "last 1 safari version"
    ]
  }
}